guilherme@gmail.com:123:1:Guilherme
gui@gmail.com:123:2:Guilherme
rene@gmail.com:123456:1:rene
gustavo@gmail.com:123:2:gustavo
dale@gmail.com:123:2:dale
joao@gmail.com:123:2:joao
maria@gmail.com:123456:1:maria